{"cameraMode":{"drawMode":0,"name":"Shaded","section":"Shading Mode"},"sceneLighting":true,"audioPlay":false,"sceneViewState":{"m_AlwaysRefresh":false,"showFog":true,"showSkybox":true,"showFlares":true,"showImageEffects":true,"showParticleSystems":true,"showVisualEffectGraphs":true,"m_FxEnabled":true},"in2DMode":false,"pivot":{"x":894.52294921875,"y":196.8160400390625,"z":146.91241455078126},"rotation":{"x":0.1286390870809555,"y":0.011331873014569283,"z":-0.0012661690125241876,"w":0.9916478991508484},"size":862.1026611328125,"orthographic":true}