{"cameraMode":{"drawMode":0,"name":"Shaded","section":"Shading Mode"},"sceneLighting":true,"audioPlay":false,"sceneViewState":{"m_AlwaysRefresh":false,"showFog":true,"showSkybox":true,"showFlares":true,"showImageEffects":true,"showParticleSystems":true,"showVisualEffectGraphs":true,"m_FxEnabled":true},"in2DMode":false,"pivot":{"x":-90.88463592529297,"y":20.94582748413086,"z":-63.065128326416019},"rotation":{"x":0.34190091490745547,"y":0.05211794376373291,"z":-0.01899501495063305,"w":0.9380975365638733},"size":29.771528244018556,"orthographic":true}