{"cameraMode":{"drawMode":0,"name":"Shaded","section":"Shading Mode"},"sceneLighting":true,"audioPlay":false,"sceneViewState":{"m_AlwaysRefresh":false,"showFog":true,"showSkybox":true,"showFlares":true,"showImageEffects":true,"showParticleSystems":true,"showVisualEffectGraphs":true,"m_FxEnabled":true},"in2DMode":false,"pivot":{"x":936.4757080078125,"y":597.4254760742188,"z":238.43365478515626},"rotation":{"x":-0.026993419975042344,"y":0.011390984989702702,"z":0.0005096612148918212,"w":0.9995925426483154},"size":622.0994873046875,"orthographic":true}