{"cameraMode":{"drawMode":0,"name":"Shaded","section":"Shading Mode"},"sceneLighting":true,"audioPlay":false,"sceneViewState":{"m_AlwaysRefresh":false,"showFog":true,"showSkybox":true,"showFlares":true,"showImageEffects":true,"showParticleSystems":true,"showVisualEffectGraphs":true,"m_FxEnabled":true},"in2DMode":false,"pivot":{"x":314.15673828125,"y":183.5474853515625,"z":247.67123413085938},"rotation":{"x":-0.013499113731086254,"y":0.00810214877128601,"z":0.00009241059160558507,"w":0.9998872876167297},"size":456.47869873046877,"orthographic":true}