{"cameraMode":{"drawMode":0,"name":"Shaded","section":"Shading Mode"},"sceneLighting":true,"audioPlay":false,"sceneViewState":{"m_AlwaysRefresh":false,"showFog":true,"showSkybox":true,"showFlares":true,"showImageEffects":true,"showParticleSystems":true,"showVisualEffectGraphs":true,"m_FxEnabled":true},"in2DMode":false,"pivot":{"x":-79.88587951660156,"y":-34.841800689697269,"z":-9.035369873046875},"rotation":{"x":0.20791281759738923,"y":0.11415113508701325,"z":-0.024427540600299836,"w":0.9711782932281494},"size":20.305530548095704,"orthographic":true}