{"cameraMode":{"drawMode":0,"name":"Shaded","section":"Shading Mode"},"sceneLighting":true,"audioPlay":false,"sceneViewState":{"m_AlwaysRefresh":false,"showFog":true,"showSkybox":true,"showFlares":true,"showImageEffects":true,"showParticleSystems":true,"showVisualEffectGraphs":true,"m_FxEnabled":true},"in2DMode":false,"pivot":{"x":-2.026519775390625,"y":16.799652099609376,"z":-69.40719604492188},"rotation":{"x":0.18781347572803498,"y":-0.025924861431121827,"z":0.004959637299180031,"w":0.9818596839904785},"size":114.90023040771485,"orthographic":true}